tradeDate,market,price,currency,uom,month
28-Aug-2018,HH-NG,2.852,USD,MMBTU,Sep-2018
28-Aug-2018,HH-NG,2.845,USD,MMBTU,Oct-2018
28-Aug-2018,HH-NG,2.873,USD,MMBTU,Nov-2018
28-Aug-2018,HH-NG,2.966,USD,MMBTU,Dec-2018
28-Aug-2018,HH-NG,3.054,USD,MMBTU,Jan-2019
28-Aug-2018,HH-NG,3.02,USD,MMBTU,Feb-2019
28-Aug-2018,HH-NG,2.917,USD,MMBTU,Mar-2019
28-Aug-2018,HH-NG,2.632,USD,MMBTU,Apr-2019
28-Aug-2018,HH-NG,2.601,USD,MMBTU,May-2019
28-Aug-2018,HH-NG,2.632,USD,MMBTU,Jun-2019
28-Aug-2018,HH-NG,2.664,USD,MMBTU,Jul-2019
28-Aug-2018,HH-NG,2.668,USD,MMBTU,Aug-2019
28-Aug-2018,HH-NG,2.652,USD,MMBTU,Sep-2019
28-Aug-2018,HH-NG,2.668,USD,MMBTU,Oct-2019
28-Aug-2018,HH-NG,2.717,USD,MMBTU,Nov-2019
28-Aug-2018,HH-NG,2.839,USD,MMBTU,Dec-2019
28-Aug-2018,HH-NG,2.935,USD,MMBTU,Jan-2020
28-Aug-2018,HH-NG,2.895,USD,MMBTU,Feb-2020
28-Aug-2018,HH-NG,2.788,USD,MMBTU,Mar-2020
28-Aug-2018,HH-NG,2.503,USD,MMBTU,Apr-2020
28-Aug-2018,HH-NG,2.466,USD,MMBTU,May-2020
28-Aug-2018,HH-NG,2.491,USD,MMBTU,Jun-2020
28-Aug-2018,HH-NG,2.518,USD,MMBTU,Jul-2020
28-Aug-2018,HH-NG,2.527,USD,MMBTU,Aug-2020
28-Aug-2018,HH-NG,2.511,USD,MMBTU,Sep-2020
28-Aug-2018,HH-NG,2.528,USD,MMBTU,Oct-2020
28-Aug-2018,HH-NG,2.582,USD,MMBTU,Nov-2020
28-Aug-2018,HH-NG,2.707,USD,MMBTU,Dec-2020
28-Aug-2018,HH-NG,2.81,USD,MMBTU,Jan-2021
28-Aug-2018,HH-NG,2.774,USD,MMBTU,Feb-2021
28-Aug-2018,HH-NG,2.686,USD,MMBTU,Mar-2021
28-Aug-2018,HH-NG,2.421,USD,MMBTU,Apr-2021
28-Aug-2018,HH-NG,2.389,USD,MMBTU,May-2021
28-Aug-2018,HH-NG,2.417,USD,MMBTU,Jun-2021
28-Aug-2018,HH-NG,2.447,USD,MMBTU,Jul-2021
28-Aug-2018,HH-NG,2.459,USD,MMBTU,Aug-2021
28-Aug-2018,HH-NG,2.456,USD,MMBTU,Sep-2021
28-Aug-2018,HH-NG,2.48,USD,MMBTU,Oct-2021
28-Aug-2018,HH-NG,2.542,USD,MMBTU,Nov-2021
28-Aug-2018,HH-NG,2.675,USD,MMBTU,Dec-2021
28-Aug-2018,HH-NG,2.775,USD,MMBTU,Jan-2022
28-Aug-2018,HH-NG,2.741,USD,MMBTU,Feb-2022
28-Aug-2018,HH-NG,2.669,USD,MMBTU,Mar-2022
28-Aug-2018,HH-NG,2.414,USD,MMBTU,Apr-2022
28-Aug-2018,HH-NG,2.391,USD,MMBTU,May-2022
28-Aug-2018,HH-NG,2.416,USD,MMBTU,Jun-2022
28-Aug-2018,HH-NG,2.443,USD,MMBTU,Jul-2022
28-Aug-2018,HH-NG,2.456,USD,MMBTU,Aug-2022
28-Aug-2018,HH-NG,2.457,USD,MMBTU,Sep-2022
28-Aug-2018,HH-NG,2.484,USD,MMBTU,Oct-2022
28-Aug-2018,HH-NG,2.548,USD,MMBTU,Nov-2022
28-Aug-2018,HH-NG,2.688,USD,MMBTU,Dec-2022
28-Aug-2018,HH-NG,2.788,USD,MMBTU,Jan-2023
28-Aug-2018,HH-NG,2.755,USD,MMBTU,Feb-2023
28-Aug-2018,HH-NG,2.688,USD,MMBTU,Mar-2023
28-Aug-2018,HH-NG,2.468,USD,MMBTU,Apr-2023
28-Aug-2018,HH-NG,2.455,USD,MMBTU,May-2023
28-Aug-2018,HH-NG,2.481,USD,MMBTU,Jun-2023
28-Aug-2018,HH-NG,2.51,USD,MMBTU,Jul-2023
28-Aug-2018,HH-NG,2.527,USD,MMBTU,Aug-2023
28-Aug-2018,HH-NG,2.531,USD,MMBTU,Sep-2023
28-Aug-2018,HH-NG,2.561,USD,MMBTU,Oct-2023
28-Aug-2018,HH-NG,2.625,USD,MMBTU,Nov-2023
28-Aug-2018,HH-NG,2.773,USD,MMBTU,Dec-2023
28-Aug-2018,HH-NG,2.88,USD,MMBTU,Jan-2024
28-Aug-2018,HH-NG,2.848,USD,MMBTU,Feb-2024
28-Aug-2018,HH-NG,2.783,USD,MMBTU,Mar-2024
28-Aug-2018,HH-NG,2.548,USD,MMBTU,Apr-2024
28-Aug-2018,HH-NG,2.53,USD,MMBTU,May-2024
28-Aug-2018,HH-NG,2.561,USD,MMBTU,Jun-2024
28-Aug-2018,HH-NG,2.597,USD,MMBTU,Jul-2024
28-Aug-2018,HH-NG,2.614,USD,MMBTU,Aug-2024
28-Aug-2018,HH-NG,2.616,USD,MMBTU,Sep-2024
28-Aug-2018,HH-NG,2.644,USD,MMBTU,Oct-2024
28-Aug-2018,HH-NG,2.702,USD,MMBTU,Nov-2024
28-Aug-2018,HH-NG,2.84,USD,MMBTU,Dec-2024
28-Aug-2018,HH-NG,2.946,USD,MMBTU,Jan-2025
28-Aug-2018,HH-NG,2.914,USD,MMBTU,Feb-2025
28-Aug-2018,HH-NG,2.849,USD,MMBTU,Mar-2025
28-Aug-2018,HH-NG,2.634,USD,MMBTU,Apr-2025
28-Aug-2018,HH-NG,2.617,USD,MMBTU,May-2025
28-Aug-2018,HH-NG,2.646,USD,MMBTU,Jun-2025
28-Aug-2018,HH-NG,2.678,USD,MMBTU,Jul-2025
28-Aug-2018,HH-NG,2.697,USD,MMBTU,Aug-2025
28-Aug-2018,HH-NG,2.699,USD,MMBTU,Sep-2025
28-Aug-2018,HH-NG,2.727,USD,MMBTU,Oct-2025
28-Aug-2018,HH-NG,2.789,USD,MMBTU,Nov-2025
28-Aug-2018,HH-NG,2.931,USD,MMBTU,Dec-2025
28-Aug-2018,HH-NG,3.041,USD,MMBTU,Jan-2026
28-Aug-2018,HH-NG,3.006,USD,MMBTU,Feb-2026
28-Aug-2018,HH-NG,2.94,USD,MMBTU,Mar-2026
28-Aug-2018,HH-NG,2.718,USD,MMBTU,Apr-2026
28-Aug-2018,HH-NG,2.703,USD,MMBTU,May-2026
28-Aug-2018,HH-NG,2.724,USD,MMBTU,Jun-2026
28-Aug-2018,HH-NG,2.748,USD,MMBTU,Jul-2026
28-Aug-2018,HH-NG,2.768,USD,MMBTU,Aug-2026
28-Aug-2018,HH-NG,2.77,USD,MMBTU,Sep-2026
28-Aug-2018,HH-NG,2.798,USD,MMBTU,Oct-2026
28-Aug-2018,HH-NG,2.863,USD,MMBTU,Nov-2026
28-Aug-2018,HH-NG,3.008,USD,MMBTU,Dec-2026
28-Aug-2018,HH-NG,3.123,USD,MMBTU,Jan-2027
28-Aug-2018,HH-NG,3.089,USD,MMBTU,Feb-2027
28-Aug-2018,HH-NG,3.023,USD,MMBTU,Mar-2027
28-Aug-2018,HH-NG,2.793,USD,MMBTU,Apr-2027
28-Aug-2018,HH-NG,2.776,USD,MMBTU,May-2027
28-Aug-2018,HH-NG,2.802,USD,MMBTU,Jun-2027
28-Aug-2018,HH-NG,2.83,USD,MMBTU,Jul-2027
28-Aug-2018,HH-NG,2.848,USD,MMBTU,Aug-2027
28-Aug-2018,HH-NG,2.85,USD,MMBTU,Sep-2027
28-Aug-2018,HH-NG,2.878,USD,MMBTU,Oct-2027
28-Aug-2018,HH-NG,2.945,USD,MMBTU,Nov-2027
28-Aug-2018,HH-NG,3.091,USD,MMBTU,Dec-2027
28-Aug-2018,HH-NG,3.209,USD,MMBTU,Jan-2028
28-Aug-2018,HH-NG,3.177,USD,MMBTU,Feb-2028
28-Aug-2018,HH-NG,3.112,USD,MMBTU,Mar-2028
28-Aug-2018,HH-NG,2.842,USD,MMBTU,Apr-2028
28-Aug-2018,HH-NG,2.82,USD,MMBTU,May-2028
28-Aug-2018,HH-NG,2.85,USD,MMBTU,Jun-2028
28-Aug-2018,HH-NG,2.89,USD,MMBTU,Jul-2028
28-Aug-2018,HH-NG,2.93,USD,MMBTU,Aug-2028
28-Aug-2018,HH-NG,2.945,USD,MMBTU,Sep-2028
28-Aug-2018,HH-NG,2.991,USD,MMBTU,Oct-2028
28-Aug-2018,HH-NG,3.061,USD,MMBTU,Nov-2028
28-Aug-2018,HH-NG,3.211,USD,MMBTU,Dec-2028
28-Aug-2018,HH-NG,3.334,USD,MMBTU,Jan-2029
28-Aug-2018,HH-NG,3.302,USD,MMBTU,Feb-2029
28-Aug-2018,HH-NG,3.237,USD,MMBTU,Mar-2029
28-Aug-2018,HH-NG,2.919,USD,MMBTU,Apr-2029
28-Aug-2018,HH-NG,2.897,USD,MMBTU,May-2029
28-Aug-2018,HH-NG,2.927,USD,MMBTU,Jun-2029
28-Aug-2018,HH-NG,2.967,USD,MMBTU,Jul-2029
28-Aug-2018,HH-NG,3.007,USD,MMBTU,Aug-2029
28-Aug-2018,HH-NG,3.022,USD,MMBTU,Sep-2029
28-Aug-2018,HH-NG,3.068,USD,MMBTU,Oct-2029
28-Aug-2018,HH-NG,3.14,USD,MMBTU,Nov-2029
28-Aug-2018,HH-NG,3.292,USD,MMBTU,Dec-2029
28-Aug-2018,HH-NG,3.422,USD,MMBTU,Jan-2030
28-Aug-2018,HH-NG,3.392,USD,MMBTU,Feb-2030
28-Aug-2018,HH-NG,3.327,USD,MMBTU,Mar-2030
28-Aug-2018,HH-NG,3.002,USD,MMBTU,Apr-2030
28-Aug-2018,HH-NG,2.98,USD,MMBTU,May-2030
28-Aug-2018,HH-NG,3.015,USD,MMBTU,Jun-2030
28-Aug-2018,HH-NG,3.06,USD,MMBTU,Jul-2030
28-Aug-2018,HH-NG,3.1,USD,MMBTU,Aug-2030
28-Aug-2018,HH-NG,3.115,USD,MMBTU,Sep-2030
28-Aug-2018,HH-NG,3.161,USD,MMBTU,Oct-2030
28-Aug-2018,HH-NG,3.233,USD,MMBTU,Nov-2030
28-Aug-2018,HH-NG,3.388,USD,MMBTU,Dec-2030
28-Aug-2018,HH-CL,68.53,USD,BBL,Oct-2018
28-Aug-2018,HH-CL,68.22,USD,BBL,Nov-2018
28-Aug-2018,HH-CL,67.93,USD,BBL,Dec-2018
28-Aug-2018,HH-CL,67.69,USD,BBL,Jan-2019
28-Aug-2018,HH-CL,67.4,USD,BBL,Feb-2019
28-Aug-2018,HH-CL,67.12,USD,BBL,Mar-2019
28-Aug-2018,HH-CL,66.85,USD,BBL,Apr-2019
28-Aug-2018,HH-CL,66.57,USD,BBL,May-2019
28-Aug-2018,HH-CL,66.28,USD,BBL,Jun-2019
28-Aug-2018,HH-CL,65.96,USD,BBL,Jul-2019
28-Aug-2018,HH-CL,65.63,USD,BBL,Aug-2019
28-Aug-2018,HH-CL,65.33,USD,BBL,Sep-2019
28-Aug-2018,HH-CL,65.05,USD,BBL,Oct-2019
28-Aug-2018,HH-CL,64.77,USD,BBL,Nov-2019
28-Aug-2018,HH-CL,64.5,USD,BBL,Dec-2019
28-Aug-2018,HH-CL,64.17,USD,BBL,Jan-2020
28-Aug-2018,HH-CL,63.85,USD,BBL,Feb-2020
28-Aug-2018,HH-CL,63.53,USD,BBL,Mar-2020
28-Aug-2018,HH-CL,63.25,USD,BBL,Apr-2020
28-Aug-2018,HH-CL,63.0,USD,BBL,May-2020
28-Aug-2018,HH-CL,62.75,USD,BBL,Jun-2020
28-Aug-2018,HH-CL,62.46,USD,BBL,Jul-2020
28-Aug-2018,HH-CL,62.2,USD,BBL,Aug-2020
28-Aug-2018,HH-CL,61.94,USD,BBL,Sep-2020
28-Aug-2018,HH-CL,61.72,USD,BBL,Oct-2020
28-Aug-2018,HH-CL,61.53,USD,BBL,Nov-2020
28-Aug-2018,HH-CL,61.37,USD,BBL,Dec-2020
28-Aug-2018,HH-CL,61.13,USD,BBL,Jan-2021
28-Aug-2018,HH-CL,60.89,USD,BBL,Feb-2021
28-Aug-2018,HH-CL,60.66,USD,BBL,Mar-2021
28-Aug-2018,HH-CL,60.44,USD,BBL,Apr-2021
28-Aug-2018,HH-CL,60.27,USD,BBL,May-2021
28-Aug-2018,HH-CL,60.08,USD,BBL,Jun-2021
28-Aug-2018,HH-CL,59.88,USD,BBL,Jul-2021
28-Aug-2018,HH-CL,59.68,USD,BBL,Aug-2021
28-Aug-2018,HH-CL,59.5,USD,BBL,Sep-2021
28-Aug-2018,HH-CL,59.33,USD,BBL,Oct-2021
28-Aug-2018,HH-CL,59.17,USD,BBL,Nov-2021
28-Aug-2018,HH-CL,59.02,USD,BBL,Dec-2021
28-Aug-2018,HH-CL,58.84,USD,BBL,Jan-2022
28-Aug-2018,HH-CL,58.68,USD,BBL,Feb-2022
28-Aug-2018,HH-CL,58.53,USD,BBL,Mar-2022
28-Aug-2018,HH-CL,58.4,USD,BBL,Apr-2022
28-Aug-2018,HH-CL,58.27,USD,BBL,May-2022
28-Aug-2018,HH-CL,58.15,USD,BBL,Jun-2022
28-Aug-2018,HH-CL,58.01,USD,BBL,Jul-2022
28-Aug-2018,HH-CL,57.9,USD,BBL,Aug-2022
28-Aug-2018,HH-CL,57.79,USD,BBL,Sep-2022
28-Aug-2018,HH-CL,57.7,USD,BBL,Oct-2022
28-Aug-2018,HH-CL,57.61,USD,BBL,Nov-2022
28-Aug-2018,HH-CL,57.53,USD,BBL,Dec-2022
28-Aug-2018,HH-CL,57.42,USD,BBL,Jan-2023
28-Aug-2018,HH-CL,57.31,USD,BBL,Feb-2023
28-Aug-2018,HH-CL,57.23,USD,BBL,Mar-2023
28-Aug-2018,HH-CL,57.14,USD,BBL,Apr-2023
28-Aug-2018,HH-CL,57.08,USD,BBL,May-2023
28-Aug-2018,HH-CL,57.02,USD,BBL,Jun-2023
28-Aug-2018,HH-CL,56.94,USD,BBL,Jul-2023
28-Aug-2018,HH-CL,56.87,USD,BBL,Aug-2023
28-Aug-2018,HH-CL,56.81,USD,BBL,Sep-2023
28-Aug-2018,HH-CL,56.76,USD,BBL,Oct-2023
28-Aug-2018,HH-CL,56.72,USD,BBL,Nov-2023
28-Aug-2018,HH-CL,56.7,USD,BBL,Dec-2023
28-Aug-2018,HH-CL,56.62,USD,BBL,Jan-2024
28-Aug-2018,HH-CL,56.55,USD,BBL,Feb-2024
28-Aug-2018,HH-CL,56.49,USD,BBL,Mar-2024
28-Aug-2018,HH-CL,56.44,USD,BBL,Apr-2024
28-Aug-2018,HH-CL,56.39,USD,BBL,May-2024
28-Aug-2018,HH-CL,56.38,USD,BBL,Jun-2024
28-Aug-2018,HH-CL,56.33,USD,BBL,Jul-2024
28-Aug-2018,HH-CL,56.29,USD,BBL,Aug-2024
28-Aug-2018,HH-CL,56.27,USD,BBL,Sep-2024
28-Aug-2018,HH-CL,56.25,USD,BBL,Oct-2024
28-Aug-2018,HH-CL,56.27,USD,BBL,Nov-2024
28-Aug-2018,HH-CL,56.28,USD,BBL,Dec-2024
28-Aug-2018,HH-CL,56.24,USD,BBL,Jan-2025
28-Aug-2018,HH-CL,56.21,USD,BBL,Feb-2025
28-Aug-2018,HH-CL,56.18,USD,BBL,Mar-2025
28-Aug-2018,HH-CL,56.17,USD,BBL,Apr-2025
28-Aug-2018,HH-CL,56.16,USD,BBL,May-2025
28-Aug-2018,HH-CL,56.16,USD,BBL,Jun-2025
28-Aug-2018,HH-CL,56.13,USD,BBL,Jul-2025
28-Aug-2018,HH-CL,56.11,USD,BBL,Aug-2025
28-Aug-2018,HH-CL,56.09,USD,BBL,Sep-2025
28-Aug-2018,HH-CL,56.09,USD,BBL,Oct-2025
28-Aug-2018,HH-CL,56.09,USD,BBL,Nov-2025
28-Aug-2018,HH-CL,56.1,USD,BBL,Dec-2025
28-Aug-2018,HH-CL,56.05,USD,BBL,Jan-2026
28-Aug-2018,HH-CL,56.02,USD,BBL,Feb-2026
28-Aug-2018,HH-CL,56.0,USD,BBL,Mar-2026
28-Aug-2018,HH-CL,56.0,USD,BBL,Apr-2026
28-Aug-2018,HH-CL,56.01,USD,BBL,May-2026
28-Aug-2018,HH-CL,56.04,USD,BBL,Jun-2026
28-Aug-2018,HH-CL,56.04,USD,BBL,Jul-2026
28-Aug-2018,HH-CL,56.06,USD,BBL,Aug-2026
28-Aug-2018,HH-CL,56.09,USD,BBL,Sep-2026
28-Aug-2018,HH-CL,56.14,USD,BBL,Oct-2026
28-Aug-2018,HH-CL,56.21,USD,BBL,Nov-2026
28-Aug-2018,HH-CL,56.29,USD,BBL,Dec-2026
28-Aug-2018,HH-CL,56.39,USD,BBL,Jan-2027
28-Aug-2018,HH-CL,56.42,USD,BBL,Feb-2027
28-Aug-2018,HH-HO,2.2114,USD,GAL,Sep-2018
28-Aug-2018,HH-HO,2.217,USD,GAL,Oct-2018
28-Aug-2018,HH-HO,2.2202,USD,GAL,Nov-2018
28-Aug-2018,HH-HO,2.2214,USD,GAL,Dec-2018
28-Aug-2018,HH-HO,2.223,USD,GAL,Jan-2019
28-Aug-2018,HH-HO,2.2188,USD,GAL,Feb-2019
28-Aug-2018,HH-HO,2.209,USD,GAL,Mar-2019
28-Aug-2018,HH-HO,2.1936,USD,GAL,Apr-2019
28-Aug-2018,HH-HO,2.1852,USD,GAL,May-2019
28-Aug-2018,HH-HO,2.1792,USD,GAL,Jun-2019
28-Aug-2018,HH-HO,2.1811,USD,GAL,Jul-2019
28-Aug-2018,HH-HO,2.1859,USD,GAL,Aug-2019
28-Aug-2018,HH-HO,2.1931,USD,GAL,Sep-2019
28-Aug-2018,HH-HO,2.1993,USD,GAL,Oct-2019
28-Aug-2018,HH-HO,2.2034,USD,GAL,Nov-2019
28-Aug-2018,HH-HO,2.2094,USD,GAL,Dec-2019
28-Aug-2018,HH-HO,2.2192,USD,GAL,Jan-2020
28-Aug-2018,HH-HO,2.2228,USD,GAL,Feb-2020
28-Aug-2018,HH-HO,2.2162,USD,GAL,Mar-2020
28-Aug-2018,HH-HO,2.2007,USD,GAL,Apr-2020
28-Aug-2018,HH-HO,2.1881,USD,GAL,May-2020
28-Aug-2018,HH-HO,2.182,USD,GAL,Jun-2020
28-Aug-2018,HH-HO,2.1777,USD,GAL,Jul-2020
28-Aug-2018,HH-HO,2.1746,USD,GAL,Aug-2020
28-Aug-2018,HH-HO,2.1713,USD,GAL,Sep-2020
28-Aug-2018,HH-HO,2.1658,USD,GAL,Oct-2020
28-Aug-2018,HH-HO,2.1602,USD,GAL,Nov-2020
28-Aug-2018,HH-HO,2.1549,USD,GAL,Dec-2020
28-Aug-2018,HH-HO,2.1603,USD,GAL,Jan-2021
28-Aug-2018,HH-HO,2.1605,USD,GAL,Feb-2021
28-Aug-2018,HH-HO,2.1541,USD,GAL,Mar-2021
28-Aug-2018,HH-HO,2.1427,USD,GAL,Apr-2021
28-Aug-2018,HH-HO,2.141,USD,GAL,May-2021
28-Aug-2018,HH-HO,2.1337,USD,GAL,Jun-2021
28-Aug-2018,HH-HO,2.1237,USD,GAL,Jul-2021
28-Aug-2018,HH-HO,2.1186,USD,GAL,Aug-2021
28-Aug-2018,HH-HO,2.114,USD,GAL,Sep-2021
28-Aug-2018,HH-HO,2.1098,USD,GAL,Oct-2021
28-Aug-2018,HH-HO,2.1029,USD,GAL,Nov-2021
28-Aug-2018,HH-HO,2.0974,USD,GAL,Dec-2021
28-Aug-2018,HH-HO,2.1034,USD,GAL,Jan-2022
28-Aug-2018,AB-NIT,0.9598,CAD,GJ,Sep-2018
28-Aug-2018,AB-NIT,1.1499,CAD,GJ,Oct-2018
28-Aug-2018,AB-NIT,1.6812,CAD,GJ,Nov-2018
28-Aug-2018,AB-NIT,1.9536,CAD,GJ,Dec-2018
28-Aug-2018,AB-NIT,2.0823,CAD,GJ,Jan-2019
28-Aug-2018,AB-NIT,2.0801,CAD,GJ,Feb-2019
28-Aug-2018,AB-NIT,1.7641,CAD,GJ,Mar-2019
28-Aug-2018,AB-NIT,1.2077,CAD,GJ,Apr-2019
28-Aug-2018,AB-NIT,1.084,CAD,GJ,May-2019
28-Aug-2018,AB-NIT,1.1092,CAD,GJ,Jun-2019
28-Aug-2018,AB-NIT,1.2301,CAD,GJ,Jul-2019
28-Aug-2018,AB-NIT,1.2437,CAD,GJ,Aug-2019
28-Aug-2018,AB-NIT,1.2511,CAD,GJ,Sep-2019
28-Aug-2018,AB-NIT,1.3281,CAD,GJ,Oct-2019
28-Aug-2018,AB-NIT,1.7346,CAD,GJ,Nov-2019
28-Aug-2018,AB-NIT,1.8551,CAD,GJ,Dec-2019
28-Aug-2018,AB-NIT,1.9622,CAD,GJ,Jan-2020
28-Aug-2018,AB-NIT,1.8915,CAD,GJ,Feb-2020
28-Aug-2018,AB-NIT,1.8032,CAD,GJ,Mar-2020
28-Aug-2018,AB-NIT,1.2674,CAD,GJ,Apr-2020
28-Aug-2018,AB-NIT,1.2433,CAD,GJ,May-2020
28-Aug-2018,AB-NIT,1.2793,CAD,GJ,Jun-2020
28-Aug-2018,AB-NIT,1.2873,CAD,GJ,Jul-2020
28-Aug-2018,AB-NIT,1.2856,CAD,GJ,Aug-2020
28-Aug-2018,AB-NIT,1.2901,CAD,GJ,Sep-2020
28-Aug-2018,AB-NIT,1.3649,CAD,GJ,Oct-2020
28-Aug-2018,AB-NIT,1.5939,CAD,GJ,Nov-2020
28-Aug-2018,AB-NIT,1.7332,CAD,GJ,Dec-2020
28-Aug-2018,AB-NIT,1.9458,CAD,GJ,Jan-2021
28-Aug-2018,AB-NIT,1.9292,CAD,GJ,Feb-2021
28-Aug-2018,AB-NIT,1.8434,CAD,GJ,Mar-2021
28-Aug-2018,AB-NIT,1.3885,CAD,GJ,Apr-2021
28-Aug-2018,AB-NIT,1.3343,CAD,GJ,May-2021
28-Aug-2018,AB-NIT,1.362,CAD,GJ,Jun-2021
28-Aug-2018,AB-NIT,1.3769,CAD,GJ,Jul-2021
28-Aug-2018,AB-NIT,1.3913,CAD,GJ,Aug-2021
28-Aug-2018,AB-NIT,1.4026,CAD,GJ,Sep-2021
28-Aug-2018,AB-NIT,1.4436,CAD,GJ,Oct-2021
28-Aug-2018,AB-NIT,1.567,CAD,GJ,Nov-2021
28-Aug-2018,AB-NIT,1.7551,CAD,GJ,Dec-2021
28-Aug-2018,AB-NIT,1.7821,CAD,GJ,Jan-2022
28-Aug-2018,AB-NIT,1.7982,CAD,GJ,Feb-2022
28-Aug-2018,AB-NIT,1.6956,CAD,GJ,Mar-2022
28-Aug-2018,AB-NIT,1.42,CAD,GJ,Apr-2022
28-Aug-2018,AB-NIT,1.3738,CAD,GJ,May-2022
28-Aug-2018,AB-NIT,1.4039,CAD,GJ,Jun-2022
28-Aug-2018,AB-NIT,1.4121,CAD,GJ,Jul-2022
28-Aug-2018,AB-NIT,1.4247,CAD,GJ,Aug-2022
28-Aug-2018,AB-NIT,1.4468,CAD,GJ,Sep-2022
28-Aug-2018,AB-NIT,1.4852,CAD,GJ,Oct-2022
28-Aug-2018,AB-NIT,1.7286,CAD,GJ,Nov-2022
28-Aug-2018,AB-NIT,1.8976,CAD,GJ,Dec-2022
28-Aug-2018,AB-NIT,1.9849,CAD,GJ,Jan-2023
28-Aug-2018,AB-NIT,1.9628,CAD,GJ,Feb-2023
28-Aug-2018,AB-NIT,1.9027,CAD,GJ,Mar-2023
28-Aug-2018,AB-NIT,1.6305,CAD,GJ,Apr-2023
28-Aug-2018,AB-NIT,1.5904,CAD,GJ,May-2023
28-Aug-2018,AB-NIT,1.6245,CAD,GJ,Jun-2023
28-Aug-2018,AB-NIT,1.6321,CAD,GJ,Jul-2023
28-Aug-2018,AB-NIT,1.6523,CAD,GJ,Aug-2023
28-Aug-2018,AB-NIT,1.681,CAD,GJ,Sep-2023
28-Aug-2018,AB-NIT,1.717,CAD,GJ,Oct-2023
28-Aug-2018,AB-NIT,1.9417,CAD,GJ,Nov-2023
28-Aug-2018,AB-NIT,2.138,CAD,GJ,Dec-2023
28-Aug-2018,AB-NIT,2.1612,CAD,GJ,Jan-2024
28-Aug-2018,AB-NIT,2.1584,CAD,GJ,Feb-2024
28-Aug-2018,AB-NIT,2.0827,CAD,GJ,Mar-2024
28-Aug-2018,AB-NIT,1.7869,CAD,GJ,Apr-2024
28-Aug-2018,AB-NIT,1.7408,CAD,GJ,May-2024
28-Aug-2018,AB-NIT,1.7839,CAD,GJ,Jun-2024
28-Aug-2018,AB-NIT,1.7999,CAD,GJ,Jul-2024
28-Aug-2018,AB-NIT,1.817,CAD,GJ,Aug-2024
28-Aug-2018,AB-NIT,1.8432,CAD,GJ,Sep-2024
28-Aug-2018,AB-NIT,1.8797,CAD,GJ,Oct-2024
28-Aug-2018,AB-NIT,2.1599,CAD,GJ,Nov-2024
28-Aug-2018,AB-NIT,2.3468,CAD,GJ,Dec-2024
28-Aug-2018,AB-NIT,2.3717,CAD,GJ,Jan-2025
28-Aug-2018,AB-NIT,2.3548,CAD,GJ,Feb-2025
28-Aug-2018,AB-NIT,2.2852,CAD,GJ,Mar-2025
28-Aug-2018,AB-NIT,2.0863,CAD,GJ,Apr-2025
28-Aug-2018,AB-NIT,2.0595,CAD,GJ,May-2025
28-Aug-2018,AB-NIT,2.085,CAD,GJ,Jun-2025
28-Aug-2018,AB-NIT,2.1111,CAD,GJ,Jul-2025
28-Aug-2018,AB-NIT,2.1306,CAD,GJ,Aug-2025
28-Aug-2018,AB-NIT,2.1417,CAD,GJ,Sep-2025
28-Aug-2018,AB-NIT,2.19,CAD,GJ,Oct-2025
28-Aug-2018,AB-NIT,2.3392,CAD,GJ,Nov-2025
28-Aug-2018,AB-NIT,2.5335,CAD,GJ,Dec-2025
28-Aug-2018,AB-NIT,2.5691,CAD,GJ,Jan-2026
28-Aug-2018,AB-NIT,2.5446,CAD,GJ,Feb-2026
28-Aug-2018,AB-NIT,2.483,CAD,GJ,Mar-2026
28-Aug-2018,AB-NIT,2.225,CAD,GJ,Apr-2026
28-Aug-2018,AB-NIT,2.1916,CAD,GJ,May-2026
28-Aug-2018,AB-NIT,2.2134,CAD,GJ,Jun-2026
28-Aug-2018,AB-NIT,2.2268,CAD,GJ,Jul-2026
28-Aug-2018,AB-NIT,2.2475,CAD,GJ,Aug-2026
28-Aug-2018,AB-NIT,2.2645,CAD,GJ,Sep-2026
28-Aug-2018,AB-NIT,2.3067,CAD,GJ,Oct-2026
28-Aug-2018,AB-NIT,2.4352,CAD,GJ,Nov-2026
28-Aug-2018,AB-NIT,2.6296,CAD,GJ,Dec-2026
28-Aug-2018,AB-NIT,2.6712,CAD,GJ,Jan-2027
28-Aug-2018,AB-NIT,2.66,CAD,GJ,Feb-2027
28-Aug-2018,AB-NIT,2.5834,CAD,GJ,Mar-2027
28-Aug-2018,AB-NIT,2.3912,CAD,GJ,Apr-2027
28-Aug-2018,AB-NIT,2.3615,CAD,GJ,May-2027
28-Aug-2018,AB-NIT,2.3862,CAD,GJ,Jun-2027
28-Aug-2018,AB-NIT,2.4074,CAD,GJ,Jul-2027
28-Aug-2018,AB-NIT,2.4255,CAD,GJ,Aug-2027
28-Aug-2018,AB-NIT,2.4365,CAD,GJ,Sep-2027
28-Aug-2018,AB-NIT,2.4816,CAD,GJ,Oct-2027
28-Aug-2018,AB-NIT,2.687,CAD,GJ,Nov-2027
28-Aug-2018,AB-NIT,2.8882,CAD,GJ,Dec-2027
28-Aug-2018,AB-NIT,3.0289,CAD,GJ,Jan-2028
28-Aug-2018,AB-NIT,2.9901,CAD,GJ,Feb-2028
28-Aug-2018,AB-NIT,2.9119,CAD,GJ,Mar-2028
28-Aug-2018,AB-NIT,2.5885,CAD,GJ,Apr-2028
28-Aug-2018,AB-NIT,2.5617,CAD,GJ,May-2028
28-Aug-2018,AB-NIT,2.5972,CAD,GJ,Jun-2028
28-Aug-2018,AB-NIT,2.6445,CAD,GJ,Jul-2028
28-Aug-2018,AB-NIT,2.6919,CAD,GJ,Aug-2028
28-Aug-2018,AB-NIT,2.7098,CAD,GJ,Sep-2028
28-Aug-2018,TCPL - Empress,2.8898,CAD,GJ,Sep-2018
28-Aug-2018,TCPL - Empress,2.3999,CAD,GJ,Oct-2018
28-Aug-2018,TCPL - Empress,2.5837,CAD,GJ,Nov-2018
28-Aug-2018,TCPL - Empress,2.6811,CAD,GJ,Dec-2018
28-Aug-2018,TCPL - Empress,2.8198,CAD,GJ,Jan-2019
28-Aug-2018,TCPL - Empress,2.8176,CAD,GJ,Feb-2019
28-Aug-2018,TCPL - Empress,2.5016,CAD,GJ,Mar-2019
28-Aug-2018,TCPL - Empress,2.2002,CAD,GJ,Apr-2019
28-Aug-2018,TCPL - Empress,2.0765,CAD,GJ,May-2019
28-Aug-2018,TCPL - Empress,2.1017,CAD,GJ,Jun-2019
28-Aug-2018,TCPL - Empress,2.2226,CAD,GJ,Jul-2019
28-Aug-2018,TCPL - Empress,2.2362,CAD,GJ,Aug-2019
28-Aug-2018,TCPL - Empress,2.2436,CAD,GJ,Sep-2019
28-Aug-2018,TCPL - Empress,2.3206,CAD,GJ,Oct-2019
28-Aug-2018,TCPL - Empress,2.4621,CAD,GJ,Nov-2019
28-Aug-2018,TCPL - Empress,2.5826,CAD,GJ,Dec-2019
28-Aug-2018,TCPL - Empress,2.6897,CAD,GJ,Jan-2020
28-Aug-2018,TCPL - Empress,2.619,CAD,GJ,Feb-2020
28-Aug-2018,TCPL - Empress,2.5307,CAD,GJ,Mar-2020
28-Aug-2018,TCPL - Empress,1.9824,CAD,GJ,Apr-2020
28-Aug-2018,TCPL - Empress,1.9583,CAD,GJ,May-2020
28-Aug-2018,TCPL - Empress,1.9943,CAD,GJ,Jun-2020
28-Aug-2018,TCPL - Empress,2.0023,CAD,GJ,Jul-2020
28-Aug-2018,TCPL - Empress,2.0006,CAD,GJ,Aug-2020
28-Aug-2018,TCPL - Empress,2.0051,CAD,GJ,Sep-2020
28-Aug-2018,TCPL - Empress,2.0799,CAD,GJ,Oct-2020
28-Aug-2018,TCPL - Empress,2.0114,CAD,GJ,Nov-2020
28-Aug-2018,TCPL - Empress,2.1507,CAD,GJ,Dec-2020
28-Aug-2018,TCPL - Empress,2.3633,CAD,GJ,Jan-2021
28-Aug-2018,TCPL - Empress,2.3467,CAD,GJ,Feb-2021
28-Aug-2018,TCPL - Empress,2.2609,CAD,GJ,Mar-2021
28-Aug-2018,TCPL - Empress,1.711,CAD,GJ,Apr-2021
28-Aug-2018,TCPL - Empress,1.6568,CAD,GJ,May-2021
28-Aug-2018,TCPL - Empress,1.6845,CAD,GJ,Jun-2021
28-Aug-2018,TCPL - Empress,1.6994,CAD,GJ,Jul-2021
28-Aug-2018,TCPL - Empress,1.7138,CAD,GJ,Aug-2021
28-Aug-2018,TCPL - Empress,1.7251,CAD,GJ,Sep-2021
28-Aug-2018,TCPL - Empress,1.7661,CAD,GJ,Oct-2021
28-Aug-2018,TCPL - Empress,1.842,CAD,GJ,Nov-2021
28-Aug-2018,TCPL - Empress,2.0301,CAD,GJ,Dec-2021
28-Aug-2018,TCPL - Empress,2.0571,CAD,GJ,Jan-2022
28-Aug-2018,TCPL - Empress,2.0732,CAD,GJ,Feb-2022
28-Aug-2018,TCPL - Empress,1.9706,CAD,GJ,Mar-2022
28-Aug-2018,TCPL - Empress,1.595,CAD,GJ,Apr-2022
28-Aug-2018,TCPL - Empress,1.5488,CAD,GJ,May-2022
28-Aug-2018,TCPL - Empress,1.5789,CAD,GJ,Jun-2022
28-Aug-2018,TCPL - Empress,1.5871,CAD,GJ,Jul-2022
28-Aug-2018,TCPL - Empress,1.5997,CAD,GJ,Aug-2022
28-Aug-2018,TCPL - Empress,1.6218,CAD,GJ,Sep-2022
28-Aug-2018,TCPL - Empress,1.6602,CAD,GJ,Oct-2022
28-Aug-2018,TCPL - Empress,1.9611,CAD,GJ,Nov-2022
28-Aug-2018,TCPL - Empress,2.1301,CAD,GJ,Dec-2022
28-Aug-2018,TCPL - Empress,2.2174,CAD,GJ,Jan-2023
28-Aug-2018,TCPL - Empress,2.1953,CAD,GJ,Feb-2023
28-Aug-2018,TCPL - Empress,2.1352,CAD,GJ,Mar-2023
28-Aug-2018,TCPL - Empress,1.763,CAD,GJ,Apr-2023
28-Aug-2018,TCPL - Empress,1.7229,CAD,GJ,May-2023
28-Aug-2018,TCPL - Empress,1.757,CAD,GJ,Jun-2023
28-Aug-2018,TCPL - Empress,1.7646,CAD,GJ,Jul-2023
28-Aug-2018,TCPL - Empress,1.7848,CAD,GJ,Aug-2023
28-Aug-2018,TCPL - Empress,1.8135,CAD,GJ,Sep-2023
28-Aug-2018,TCPL - Empress,1.8495,CAD,GJ,Oct-2023
28-Aug-2018,TCPL - Empress,2.1292,CAD,GJ,Nov-2023
28-Aug-2018,TCPL - Empress,2.3255,CAD,GJ,Dec-2023
28-Aug-2018,TCPL - Empress,2.3487,CAD,GJ,Jan-2024
28-Aug-2018,TCPL - Empress,2.3459,CAD,GJ,Feb-2024
28-Aug-2018,TCPL - Empress,2.2702,CAD,GJ,Mar-2024
28-Aug-2018,TCPL - Empress,1.8744,CAD,GJ,Apr-2024
28-Aug-2018,TCPL - Empress,1.8283,CAD,GJ,May-2024
28-Aug-2018,TCPL - Empress,1.8714,CAD,GJ,Jun-2024
28-Aug-2018,TCPL - Empress,1.8874,CAD,GJ,Jul-2024
28-Aug-2018,TCPL - Empress,1.9045,CAD,GJ,Aug-2024
28-Aug-2018,TCPL - Empress,1.9307,CAD,GJ,Sep-2024
28-Aug-2018,TCPL - Empress,1.9672,CAD,GJ,Oct-2024
28-Aug-2018,TCPL - Empress,2.3474,CAD,GJ,Nov-2024
28-Aug-2018,TCPL - Empress,2.5343,CAD,GJ,Dec-2024
28-Aug-2018,TCPL - Empress,2.5592,CAD,GJ,Jan-2025
28-Aug-2018,TCPL - Empress,2.5423,CAD,GJ,Feb-2025
28-Aug-2018,TCPL - Empress,2.4727,CAD,GJ,Mar-2025
28-Aug-2018,TCPL - Empress,2.1738,CAD,GJ,Apr-2025
28-Aug-2018,TCPL - Empress,2.147,CAD,GJ,May-2025
28-Aug-2018,TCPL - Empress,2.1725,CAD,GJ,Jun-2025
28-Aug-2018,TCPL - Empress,2.1986,CAD,GJ,Jul-2025
28-Aug-2018,TCPL - Empress,2.2181,CAD,GJ,Aug-2025
28-Aug-2018,TCPL - Empress,2.2292,CAD,GJ,Sep-2025
28-Aug-2018,TCPL - Empress,2.2775,CAD,GJ,Oct-2025
28-Aug-2018,TCPL - Empress,2.5267,CAD,GJ,Nov-2025
28-Aug-2018,TCPL - Empress,2.721,CAD,GJ,Dec-2025
28-Aug-2018,TCPL - Empress,2.7566,CAD,GJ,Jan-2026
28-Aug-2018,TCPL - Empress,2.7321,CAD,GJ,Feb-2026
28-Aug-2018,TCPL - Empress,2.6705,CAD,GJ,Mar-2026
28-Aug-2018,TCPL - Empress,2.3125,CAD,GJ,Apr-2026
28-Aug-2018,TCPL - Empress,2.2791,CAD,GJ,May-2026
28-Aug-2018,TCPL - Empress,2.3009,CAD,GJ,Jun-2026
28-Aug-2018,TCPL - Empress,2.3143,CAD,GJ,Jul-2026
28-Aug-2018,TCPL - Empress,2.335,CAD,GJ,Aug-2026
28-Aug-2018,TCPL - Empress,2.352,CAD,GJ,Sep-2026
28-Aug-2018,TCPL - Empress,2.3942,CAD,GJ,Oct-2026
28-Aug-2018,TCPL - Empress,2.6227,CAD,GJ,Nov-2026
28-Aug-2018,TCPL - Empress,2.8171,CAD,GJ,Dec-2026
28-Aug-2018,TCPL - Empress,2.8587,CAD,GJ,Jan-2027
28-Aug-2018,TCPL - Empress,2.8475,CAD,GJ,Feb-2027
28-Aug-2018,TCPL - Empress,2.7709,CAD,GJ,Mar-2027
28-Aug-2018,TCPL - Empress,2.4787,CAD,GJ,Apr-2027
28-Aug-2018,TCPL - Empress,2.449,CAD,GJ,May-2027
28-Aug-2018,TCPL - Empress,2.4737,CAD,GJ,Jun-2027
28-Aug-2018,TCPL - Empress,2.4949,CAD,GJ,Jul-2027
28-Aug-2018,TCPL - Empress,2.513,CAD,GJ,Aug-2027
28-Aug-2018,TCPL - Empress,2.524,CAD,GJ,Sep-2027
28-Aug-2018,TCPL - Empress,2.5691,CAD,GJ,Oct-2027
28-Aug-2018,TCPL - Empress,2.8745,CAD,GJ,Nov-2027
28-Aug-2018,TCPL - Empress,3.0757,CAD,GJ,Dec-2027
28-Aug-2018,TCPL - Empress,3.2164,CAD,GJ,Jan-2028
28-Aug-2018,TCPL - Empress,3.1776,CAD,GJ,Feb-2028
28-Aug-2018,TCPL - Empress,3.0994,CAD,GJ,Mar-2028
28-Aug-2018,TCPL - Empress,2.676,CAD,GJ,Apr-2028
28-Aug-2018,TCPL - Empress,2.6492,CAD,GJ,May-2028
28-Aug-2018,TCPL - Empress,2.6847,CAD,GJ,Jun-2028
28-Aug-2018,TCPL - Empress,2.732,CAD,GJ,Jul-2028
28-Aug-2018,TCPL - Empress,2.7794,CAD,GJ,Aug-2028
28-Aug-2018,TCPL - Empress,2.7973,CAD,GJ,Sep-2028
28-Aug-2018,TCPL-Enbridge CDA,2.8595,USD,MM,Sep-2018
28-Aug-2018,TCPL-Enbridge CDA,2.7125,USD,MM,Oct-2018
28-Aug-2018,TCPL-Enbridge CDA,3.2405,USD,MM,Nov-2018
28-Aug-2018,TCPL-Enbridge CDA,3.401,USD,MM,Dec-2018
28-Aug-2018,TCPL-Enbridge CDA,3.564,USD,MM,Jan-2019
28-Aug-2018,TCPL-Enbridge CDA,3.5375,USD,MM,Feb-2019
28-Aug-2018,TCPL-Enbridge CDA,3.3245,USD,MM,Mar-2019
28-Aug-2018,TCPL-Enbridge CDA,2.4595,USD,MM,Apr-2019
28-Aug-2018,TCPL-Enbridge CDA,2.336,USD,MM,May-2019
28-Aug-2018,TCPL-Enbridge CDA,2.3795,USD,MM,Jun-2019
28-Aug-2018,TCPL-Enbridge CDA,2.3465,USD,MM,Jul-2019
28-Aug-2018,TCPL-Enbridge CDA,2.338,USD,MM,Aug-2019
28-Aug-2018,TCPL-Enbridge CDA,2.332,USD,MM,Sep-2019
28-Aug-2018,TCPL-Enbridge CDA,2.3305,USD,MM,Oct-2019
28-Aug-2018,TCPL-Enbridge CDA,3.487,USD,MM,Nov-2019
28-Aug-2018,TCPL-Enbridge CDA,3.609,USD,MM,Dec-2019
28-Aug-2018,TCPL-Enbridge CDA,3.705,USD,MM,Jan-2020
28-Aug-2018,TCPL-Enbridge CDA,3.665,USD,MM,Feb-2020
28-Aug-2018,TCPL-Enbridge CDA,3.558,USD,MM,Mar-2020
28-Aug-2018,TCPL-Enbridge CDA,2.2205,USD,MM,Apr-2020
28-Aug-2018,TCPL-Enbridge CDA,2.1835,USD,MM,May-2020
28-Aug-2018,TCPL-Enbridge CDA,2.2085,USD,MM,Jun-2020
28-Aug-2018,TCPL-Enbridge CDA,2.2355,USD,MM,Jul-2020
28-Aug-2018,TCPL-Enbridge CDA,2.2445,USD,MM,Aug-2020
28-Aug-2018,TCPL-Enbridge CDA,2.2285,USD,MM,Sep-2020
28-Aug-2018,TCPL-Enbridge CDA,2.2455,USD,MM,Oct-2020
28-Aug-2018,TCPL-Enbridge CDA,3.3545,USD,MM,Nov-2020
28-Aug-2018,TCPL-Enbridge CDA,3.4795,USD,MM,Dec-2020
28-Aug-2018,TCPL-Enbridge CDA,3.5825,USD,MM,Jan-2021
28-Aug-2018,TCPL-Enbridge CDA,3.5465,USD,MM,Feb-2021
28-Aug-2018,TCPL-Enbridge CDA,3.4585,USD,MM,Mar-2021
28-Aug-2018,TCPL-Enbridge CDA,2.1335,USD,MM,Apr-2021
28-Aug-2018,TCPL-Enbridge CDA,2.1015,USD,MM,May-2021
28-Aug-2018,TCPL-Enbridge CDA,2.1295,USD,MM,Jun-2021
28-Aug-2018,TCPL-Enbridge CDA,2.1595,USD,MM,Jul-2021
28-Aug-2018,TCPL-Enbridge CDA,2.1715,USD,MM,Aug-2021
28-Aug-2018,TCPL-Enbridge CDA,2.1685,USD,MM,Sep-2021
28-Aug-2018,TCPL-Enbridge CDA,2.1925,USD,MM,Oct-2021
28-Aug-2018,TCPL-Enbridge CDA,3.2095,USD,MM,Nov-2021
28-Aug-2018,TCPL-Enbridge CDA,3.3425,USD,MM,Dec-2021
28-Aug-2018,TCPL-Enbridge CDA,3.4425,USD,MM,Jan-2022
28-Aug-2018,TCPL-Enbridge CDA,3.4085,USD,MM,Feb-2022
28-Aug-2018,TCPL-Enbridge CDA,3.3365,USD,MM,Mar-2022
28-Aug-2018,TCPL-Enbridge CDA,2.134,USD,MM,Apr-2022
28-Aug-2018,TCPL-Enbridge CDA,2.111,USD,MM,May-2022
28-Aug-2018,TCPL-Enbridge CDA,2.136,USD,MM,Jun-2022
28-Aug-2018,TCPL-Enbridge CDA,2.163,USD,MM,Jul-2022
28-Aug-2018,TCPL-Enbridge CDA,2.176,USD,MM,Aug-2022
28-Aug-2018,TCPL-Enbridge CDA,2.177,USD,MM,Sep-2022
28-Aug-2018,TCPL-Enbridge CDA,2.204,USD,MM,Oct-2022
28-Aug-2018,TCPL-Enbridge CDA,2.5105,USD,MM,Nov-2022
28-Aug-2018,TCPL-Enbridge CDA,2.6505,USD,MM,Dec-2022
28-Aug-2018,TCPL-Enbridge CDA,2.7505,USD,MM,Jan-2023
28-Aug-2018,TCPL-Enbridge CDA,2.7175,USD,MM,Feb-2023
28-Aug-2018,TCPL-Enbridge CDA,2.6505,USD,MM,Mar-2023
28-Aug-2018,TCPL-Enbridge CDA,2.1055,USD,MM,Apr-2023
28-Aug-2018,TCPL-Enbridge CDA,2.0925,USD,MM,May-2023
28-Aug-2018,TCPL-Enbridge CDA,2.1185,USD,MM,Jun-2023
28-Aug-2018,TCPL-Enbridge CDA,2.1475,USD,MM,Jul-2023
28-Aug-2018,TCPL-Enbridge CDA,2.1645,USD,MM,Aug-2023
28-Aug-2018,TCPL-Enbridge CDA,2.1685,USD,MM,Sep-2023
28-Aug-2018,Union-Dawn,2.8595,USD,MM,Sep-2018
28-Aug-2018,Union-Dawn,2.7125,USD,MM,Oct-2018
28-Aug-2018,Union-Dawn,2.853,USD,MM,Nov-2018
28-Aug-2018,Union-Dawn,3.0135,USD,MM,Dec-2018
28-Aug-2018,Union-Dawn,3.1765,USD,MM,Jan-2019
28-Aug-2018,Union-Dawn,3.15,USD,MM,Feb-2019
28-Aug-2018,Union-Dawn,2.937,USD,MM,Mar-2019
28-Aug-2018,Union-Dawn,2.4695,USD,MM,Apr-2019
28-Aug-2018,Union-Dawn,2.346,USD,MM,May-2019
28-Aug-2018,Union-Dawn,2.3895,USD,MM,Jun-2019
28-Aug-2018,Union-Dawn,2.3565,USD,MM,Jul-2019
28-Aug-2018,Union-Dawn,2.348,USD,MM,Aug-2019
28-Aug-2018,Union-Dawn,2.342,USD,MM,Sep-2019
28-Aug-2018,Union-Dawn,2.3405,USD,MM,Oct-2019
28-Aug-2018,Union-Dawn,2.657,USD,MM,Nov-2019
28-Aug-2018,Union-Dawn,2.779,USD,MM,Dec-2019
28-Aug-2018,Union-Dawn,2.875,USD,MM,Jan-2020
28-Aug-2018,Union-Dawn,2.835,USD,MM,Feb-2020
28-Aug-2018,Union-Dawn,2.728,USD,MM,Mar-2020
28-Aug-2018,Union-Dawn,2.2305,USD,MM,Apr-2020
28-Aug-2018,Union-Dawn,2.1935,USD,MM,May-2020
28-Aug-2018,Union-Dawn,2.2185,USD,MM,Jun-2020
28-Aug-2018,Union-Dawn,2.2455,USD,MM,Jul-2020
28-Aug-2018,Union-Dawn,2.2545,USD,MM,Aug-2020
28-Aug-2018,Union-Dawn,2.2385,USD,MM,Sep-2020
28-Aug-2018,Union-Dawn,2.2555,USD,MM,Oct-2020
28-Aug-2018,Union-Dawn,2.5445,USD,MM,Nov-2020
28-Aug-2018,Union-Dawn,2.6695,USD,MM,Dec-2020
28-Aug-2018,Union-Dawn,2.7725,USD,MM,Jan-2021
28-Aug-2018,Union-Dawn,2.7365,USD,MM,Feb-2021
28-Aug-2018,Union-Dawn,2.6485,USD,MM,Mar-2021
28-Aug-2018,Union-Dawn,2.1435,USD,MM,Apr-2021
28-Aug-2018,Union-Dawn,2.1115,USD,MM,May-2021
28-Aug-2018,Union-Dawn,2.1395,USD,MM,Jun-2021
28-Aug-2018,Union-Dawn,2.1695,USD,MM,Jul-2021
28-Aug-2018,Union-Dawn,2.1815,USD,MM,Aug-2021
28-Aug-2018,Union-Dawn,2.1785,USD,MM,Sep-2021
28-Aug-2018,Union-Dawn,2.2025,USD,MM,Oct-2021
28-Aug-2018,Union-Dawn,2.4895,USD,MM,Nov-2021
28-Aug-2018,Union-Dawn,2.6225,USD,MM,Dec-2021
28-Aug-2018,Union-Dawn,2.7225,USD,MM,Jan-2022
28-Aug-2018,Union-Dawn,2.6885,USD,MM,Feb-2022
28-Aug-2018,Union-Dawn,2.6165,USD,MM,Mar-2022
28-Aug-2018,Union-Dawn,2.144,USD,MM,Apr-2022
28-Aug-2018,Union-Dawn,2.121,USD,MM,May-2022
28-Aug-2018,Union-Dawn,2.146,USD,MM,Jun-2022
28-Aug-2018,Union-Dawn,2.173,USD,MM,Jul-2022
28-Aug-2018,Union-Dawn,2.186,USD,MM,Aug-2022
28-Aug-2018,Union-Dawn,2.187,USD,MM,Sep-2022
28-Aug-2018,Union-Dawn,2.214,USD,MM,Oct-2022
28-Aug-2018,Union-Dawn,2.5205,USD,MM,Nov-2022
28-Aug-2018,Union-Dawn,2.6605,USD,MM,Dec-2022
28-Aug-2018,Union-Dawn,2.7605,USD,MM,Jan-2023
28-Aug-2018,Union-Dawn,2.7275,USD,MM,Feb-2023
28-Aug-2018,Union-Dawn,2.6605,USD,MM,Mar-2023
28-Aug-2018,Union-Dawn,2.1155,USD,MM,Apr-2023
28-Aug-2018,Union-Dawn,2.1025,USD,MM,May-2023
28-Aug-2018,Union-Dawn,2.1285,USD,MM,Jun-2023
28-Aug-2018,Union-Dawn,2.1575,USD,MM,Jul-2023
28-Aug-2018,Union-Dawn,2.1745,USD,MM,Aug-2023
28-Aug-2018,Union-Dawn,2.1785,USD,MM,Sep-2023
28-Aug-2018,Union-Dawn,2.2085,USD,MM,Oct-2023
28-Aug-2018,Union-Dawn,2.5475,USD,MM,Nov-2023
28-Aug-2018,Union-Dawn,2.6955,USD,MM,Dec-2023
28-Aug-2018,Union-Dawn,2.8025,USD,MM,Jan-2024
28-Aug-2018,Union-Dawn,2.7705,USD,MM,Feb-2024
28-Aug-2018,Union-Dawn,2.7055,USD,MM,Mar-2024
28-Aug-2018,Union-Dawn,2.348,USD,MM,Apr-2024
28-Aug-2018,Union-Dawn,2.33,USD,MM,May-2024
28-Aug-2018,Union-Dawn,2.361,USD,MM,Jun-2024
28-Aug-2018,Union-Dawn,2.397,USD,MM,Jul-2024
28-Aug-2018,Union-Dawn,2.414,USD,MM,Aug-2024
28-Aug-2018,Union-Dawn,2.416,USD,MM,Sep-2024
28-Aug-2018,Union-Dawn,2.444,USD,MM,Oct-2024
28-Aug-2018,Union-Dawn,2.627,USD,MM,Nov-2024
28-Aug-2018,Union-Dawn,2.765,USD,MM,Dec-2024
28-Aug-2018,Union-Dawn,2.871,USD,MM,Jan-2025
28-Aug-2018,Union-Dawn,2.839,USD,MM,Feb-2025
28-Aug-2018,Union-Dawn,2.774,USD,MM,Mar-2025
28-Aug-2018,Union-Dawn,2.434,USD,MM,Apr-2025
28-Aug-2018,Union-Dawn,2.417,USD,MM,May-2025
28-Aug-2018,Union-Dawn,2.446,USD,MM,Jun-2025
28-Aug-2018,Union-Dawn,2.478,USD,MM,Jul-2025
28-Aug-2018,Union-Dawn,2.497,USD,MM,Aug-2025
28-Aug-2018,Union-Dawn,2.499,USD,MM,Sep-2025
28-Aug-2018,Union-Dawn,2.527,USD,MM,Oct-2025
28-Aug-2018,Union-Dawn,2.779,USD,MM,Nov-2025
28-Aug-2018,Union-Dawn,2.921,USD,MM,Dec-2025
28-Aug-2018,Union-Dawn,3.031,USD,MM,Jan-2026
28-Aug-2018,Union-Dawn,2.996,USD,MM,Feb-2026
28-Aug-2018,Union-Dawn,2.93,USD,MM,Mar-2026
28-Aug-2018,Union-Dawn,2.518,USD,MM,Apr-2026
28-Aug-2018,Union-Dawn,2.503,USD,MM,May-2026
28-Aug-2018,Union-Dawn,2.524,USD,MM,Jun-2026
28-Aug-2018,Union-Dawn,2.548,USD,MM,Jul-2026
28-Aug-2018,Union-Dawn,2.568,USD,MM,Aug-2026
28-Aug-2018,Union-Dawn,2.57,USD,MM,Sep-2026
28-Aug-2018,Union-Dawn,2.598,USD,MM,Oct-2026
28-Aug-2018,Union-Dawn,2.853,USD,MM,Nov-2026
28-Aug-2018,Union-Dawn,2.998,USD,MM,Dec-2026
28-Aug-2018,Union-Dawn,3.113,USD,MM,Jan-2027
28-Aug-2018,Union-Dawn,3.079,USD,MM,Feb-2027
28-Aug-2018,Union-Dawn,3.013,USD,MM,Mar-2027
28-Aug-2018,Union-Dawn,2.613,USD,MM,Apr-2027
28-Aug-2018,Union-Dawn,2.596,USD,MM,May-2027
28-Aug-2018,Union-Dawn,2.622,USD,MM,Jun-2027
28-Aug-2018,Union-Dawn,2.65,USD,MM,Jul-2027
28-Aug-2018,Union-Dawn,2.668,USD,MM,Aug-2027
28-Aug-2018,Union-Dawn,2.67,USD,MM,Sep-2027
28-Aug-2018,Union-Dawn,2.698,USD,MM,Oct-2027
28-Aug-2018,Union-Dawn,2.945,USD,MM,Nov-2027
28-Aug-2018,Union-Dawn,3.091,USD,MM,Dec-2027
28-Aug-2018,Union-Dawn,3.209,USD,MM,Jan-2028
28-Aug-2018,Union-Dawn,3.177,USD,MM,Feb-2028
28-Aug-2018,Union-Dawn,3.112,USD,MM,Mar-2028
28-Aug-2018,Union-Dawn,2.842,USD,MM,Apr-2028
28-Aug-2018,Union-Dawn,2.82,USD,MM,May-2028
28-Aug-2018,Union-Dawn,2.85,USD,MM,Jun-2028
28-Aug-2018,Union-Dawn,2.89,USD,MM,Jul-2028
28-Aug-2018,Union-Dawn,2.93,USD,MM,Aug-2028
28-Aug-2018,Union-Dawn,2.945,USD,MM,Sep-2028
28-Aug-2018,Union-Parkway,2.862,USD,MM,Sep-2018
28-Aug-2018,Union-Parkway,2.7175,USD,MM,Oct-2018
28-Aug-2018,Union-Parkway,2.923,USD,MM,Nov-2018
28-Aug-2018,Union-Parkway,3.0835,USD,MM,Dec-2018
28-Aug-2018,Union-Parkway,3.2465,USD,MM,Jan-2019
28-Aug-2018,Union-Parkway,3.22,USD,MM,Feb-2019
28-Aug-2018,Union-Parkway,3.007,USD,MM,Mar-2019
28-Aug-2018,Union-Parkway,2.472,USD,MM,Apr-2019
28-Aug-2018,Union-Parkway,2.3485,USD,MM,May-2019
28-Aug-2018,Union-Parkway,2.392,USD,MM,Jun-2019
28-Aug-2018,Union-Parkway,2.359,USD,MM,Jul-2019
28-Aug-2018,Union-Parkway,2.3505,USD,MM,Aug-2019
28-Aug-2018,Union-Parkway,2.3445,USD,MM,Sep-2019
28-Aug-2018,Union-Parkway,2.343,USD,MM,Oct-2019
28-Aug-2018,Union-Parkway,2.727,USD,MM,Nov-2019
28-Aug-2018,Union-Parkway,2.849,USD,MM,Dec-2019
28-Aug-2018,Union-Parkway,2.945,USD,MM,Jan-2020
28-Aug-2018,Union-Parkway,2.905,USD,MM,Feb-2020
28-Aug-2018,Union-Parkway,2.798,USD,MM,Mar-2020
28-Aug-2018,Union-Parkway,2.2205,USD,MM,Apr-2020
28-Aug-2018,Union-Parkway,2.1835,USD,MM,May-2020
28-Aug-2018,Union-Parkway,2.2085,USD,MM,Jun-2020
28-Aug-2018,Union-Parkway,2.2355,USD,MM,Jul-2020
28-Aug-2018,Union-Parkway,2.2445,USD,MM,Aug-2020
28-Aug-2018,Union-Parkway,2.2285,USD,MM,Sep-2020
28-Aug-2018,Union-Parkway,2.2455,USD,MM,Oct-2020
28-Aug-2018,Union-Parkway,2.6345,USD,MM,Nov-2020
28-Aug-2018,Union-Parkway,2.7595,USD,MM,Dec-2020
28-Aug-2018,Union-Parkway,2.8625,USD,MM,Jan-2021
28-Aug-2018,Union-Parkway,2.8265,USD,MM,Feb-2021
28-Aug-2018,Union-Parkway,2.7385,USD,MM,Mar-2021
28-Aug-2018,Union-Parkway,2.1335,USD,MM,Apr-2021
28-Aug-2018,Union-Parkway,2.1015,USD,MM,May-2021
28-Aug-2018,Union-Parkway,2.1295,USD,MM,Jun-2021
28-Aug-2018,Union-Parkway,2.1595,USD,MM,Jul-2021
28-Aug-2018,Union-Parkway,2.1715,USD,MM,Aug-2021
28-Aug-2018,Union-Parkway,2.1685,USD,MM,Sep-2021
28-Aug-2018,Union-Parkway,2.1925,USD,MM,Oct-2021
28-Aug-2018,Union-Parkway,2.5895,USD,MM,Nov-2021
28-Aug-2018,Union-Parkway,2.7225,USD,MM,Dec-2021
28-Aug-2018,Union-Parkway,2.8225,USD,MM,Jan-2022
28-Aug-2018,Union-Parkway,2.7885,USD,MM,Feb-2022
28-Aug-2018,Union-Parkway,2.7165,USD,MM,Mar-2022
28-Aug-2018,Union-Parkway,2.134,USD,MM,Apr-2022
28-Aug-2018,Union-Parkway,2.111,USD,MM,May-2022
28-Aug-2018,Union-Parkway,2.136,USD,MM,Jun-2022
28-Aug-2018,Union-Parkway,2.163,USD,MM,Jul-2022
28-Aug-2018,Union-Parkway,2.176,USD,MM,Aug-2022
28-Aug-2018,Union-Parkway,2.177,USD,MM,Sep-2022
28-Aug-2018,Union-Parkway,2.204,USD,MM,Oct-2022
28-Aug-2018,Union-Parkway,2.5105,USD,MM,Nov-2022
28-Aug-2018,Union-Parkway,2.6505,USD,MM,Dec-2022
28-Aug-2018,Union-Parkway,2.7505,USD,MM,Jan-2023
28-Aug-2018,Union-Parkway,2.7175,USD,MM,Feb-2023
28-Aug-2018,Union-Parkway,2.6505,USD,MM,Mar-2023
28-Aug-2018,Union-Parkway,2.1055,USD,MM,Apr-2023
28-Aug-2018,Union-Parkway,2.0925,USD,MM,May-2023
28-Aug-2018,Union-Parkway,2.1185,USD,MM,Jun-2023
28-Aug-2018,Union-Parkway,2.1475,USD,MM,Jul-2023
28-Aug-2018,Union-Parkway,2.1645,USD,MM,Aug-2023
28-Aug-2018,Union-Parkway,2.1685,USD,MM,Sep-2023
28-Aug-2018,Union-Parkway,2.936,USD,MM,Oct-2023
28-Aug-2018,Union-Parkway,3.006,USD,MM,Nov-2023
28-Aug-2018,Union-Parkway,3.153,USD,MM,Dec-2023
28-Aug-2018,Union-Parkway,3.295,USD,MM,Jan-2024
28-Aug-2018,Union-Parkway,3.255,USD,MM,Feb-2024
28-Aug-2018,Union-Parkway,3.187,USD,MM,Mar-2024
28-Aug-2018,Union-Parkway,2.842,USD,MM,Apr-2024
28-Aug-2018,Union-Parkway,2.832,USD,MM,May-2024
28-Aug-2018,Union-Parkway,2.865,USD,MM,Jun-2024
28-Aug-2018,Union-Parkway,2.908,USD,MM,Jul-2024
28-Aug-2018,Union-Parkway,2.944,USD,MM,Aug-2024
28-Aug-2018,Union-Parkway,2.955,USD,MM,Sep-2024
28-Aug-2018,Union-Parkway,3.003,USD,MM,Oct-2024
28-Aug-2018,Union-Parkway,3.076,USD,MM,Nov-2024
28-Aug-2018,Union-Parkway,3.224,USD,MM,Dec-2024
28-Aug-2018,Union-Parkway,3.368,USD,MM,Jan-2025
28-Aug-2018,Union-Parkway,3.323,USD,MM,Feb-2025
28-Aug-2018,Union-Parkway,3.254,USD,MM,Mar-2025
28-Aug-2018,Union-Parkway,2.904,USD,MM,Apr-2025
28-Aug-2018,Union-Parkway,2.894,USD,MM,May-2025
28-Aug-2018,Union-Parkway,2.927,USD,MM,Jun-2025
28-Aug-2018,Union-Parkway,2.969,USD,MM,Jul-2025
28-Aug-2018,Union-Parkway,3.007,USD,MM,Aug-2025
28-Aug-2018,Union-Parkway,3.02,USD,MM,Sep-2025
28-Aug-2018,Union-Parkway,3.072,USD,MM,Oct-2025
28-Aug-2018,Union-Parkway,3.149,USD,MM,Nov-2025
28-Aug-2018,Union-Parkway,3.3,USD,MM,Dec-2025
28-Aug-2018,Union-Parkway,3.447,USD,MM,Jan-2026
28-Aug-2018,Union-Parkway,3.402,USD,MM,Feb-2026
28-Aug-2018,Union-Parkway,3.333,USD,MM,Mar-2026
28-Aug-2018,Union-Parkway,2.978,USD,MM,Apr-2026
28-Aug-2018,Union-Parkway,2.963,USD,MM,May-2026
28-Aug-2018,Union-Parkway,2.998,USD,MM,Jun-2026
28-Aug-2018,Union-Parkway,3.043,USD,MM,Jul-2026
28-Aug-2018,Union-Parkway,3.083,USD,MM,Aug-2026
28-Aug-2018,Union-Parkway,3.098,USD,MM,Sep-2026
28-Aug-2018,Union-Parkway,3.153,USD,MM,Oct-2026
28-Aug-2018,Union-Parkway,3.238,USD,MM,Nov-2026
28-Aug-2018,Union-Parkway,3.393,USD,MM,Dec-2026
28-Aug-2018,Union-Parkway,3.542,USD,MM,Jan-2027
28-Aug-2018,Union-Parkway,3.497,USD,MM,Feb-2027
28-Aug-2018,Union-Parkway,3.428,USD,MM,Mar-2027
